"","species","depth_effect","covariate","low","low_se","hi","hi_se","range","range_se","peak","peak_se","reduction","reduction_se"
"1","greenstriped rockfish",TRUE,"temp",-2.01231903615173,0.344377140983509,3.42012403833218,0.285888950428211,5.4324430744839,0.541177510438456,2.99573227355399,0,0.864459331569423,0.0270049995917876
"2","pacific spiny dogfish",TRUE,"temp",NA,NA,NA,NA,NA,NA,NA,NA,NA,NA
"3","petrale sole",TRUE,"temp",-1.28032973691529,0.0994555815877254,2.90770748382718,0.081683555003009,4.18803722074247,0.154745930411987,2.99573227355399,0,0.771945353192614,0.0168530156944162
"4","flathead sole",TRUE,"temp",-2.06434700251998,0.971702909961553,5.20513862287933,5.51668301274873,7.26948562539931,6.30718821852307,2.99573227355399,0,0.924307538765187,0.131345359034259
"5","english sole",TRUE,"temp",-1.94728352420222,0.240091275163404,4.22876675093695,0.23953831095804,6.17605027513917,0.427780909644917,2.99573227355399,0,0.895133120248459,0.0145270997525122
"6","sablefish",TRUE,"temp",NA,NA,NA,NA,NA,NA,NA,NA,NA,NA
"7","slender sole",TRUE,"temp",-1.70332612667705,0.092367363616557,2.29721860459452,0.0542057608620089,4.00054473127158,0.110500262675455,2.99573227355399,0,0.750068077502152,0.0138068912821357
"8","dover sole",TRUE,"temp",-2.85920557286026,0.159636442142153,2.42051637931804,0.0780639580420861,5.2797219521783,0.193617457394255,2.99573227355399,0,0.85650463018472,0.0105244968970459
"9","blackbelly eelpout",TRUE,"temp",NA,NA,NA,NA,NA,NA,2.99573227355399,0,1.04447937044879,0.0232427805177805
"10","dungeness crab",TRUE,"temp",-1.13130794251671,0.138348875097838,5.62740571213947,0.473504319930235,6.75871365465618,0.542554374755371,2.99573227355399,0,0.912434728808394,0.0140585689494085
"11","spotted ratfish",TRUE,"temp",-1.55583058694773,0.125476941811582,3.17836136740239,0.108298750466021,4.73419195435012,0.189272590759627,2.99573227355399,0,0.821528750055151,0.0142705307173408
"12","big skate",TRUE,"temp",-4.26026373464405,1.83090507614179,5.31470824027218,1.20944414289027,9.57497197491623,2.91124498372733,2.99573227355399,0,0.956370024579169,0.0265311579849614
"13","pacific sanddab",TRUE,"temp",-1.62103873150813,0.208928555481507,3.85568138164072,0.168473074939019,5.47672011314885,0.33050575384225,2.99573227355399,0,0.866642054114257,0.0160956074165638
"14","rex sole",TRUE,"temp",-1.60088726124354,0.0805263208671974,2.67174592922151,0.0689396260240525,4.27263319046505,0.122939155896204,2.99573227355399,0,0.780886683865645,0.0126093698805179
"15","arrowtooth flounder",TRUE,"temp",-2.15467037263315,0.231075429224827,3.01341685736265,0.20543913357893,5.16808722999581,0.39691484962936,2.99573227355399,0,0.85023845192906,0.0230037070534838
"16","longnose skate",TRUE,"temp",-1.83493636080183,0.100018708879644,2.56909095362321,0.0702110070512131,4.40402731442504,0.138487182828062,2.99573227355399,0,0.793766133721974,0.0129702861065528
"17","sandpaper skate",TRUE,"temp",-1.93788222487899,0.144078190696122,2.40474064682389,0.122467573059805,4.34262287170288,0.225198334933238,2.99573227355399,0,0.787892629235884,0.0219987911151102
"18","lingcod",TRUE,"temp",-1.98483834758896,0.321638932442505,4.09299169025974,0.337157365216904,6.0778300378487,0.58581861168227,2.99573227355399,0,0.891716349370501,0.02087408745708
"19","greenspotted rockfish",TRUE,"temp",-9.75137320981413,21.7404404241541,4.09311906914575,3.08668763173878,13.8444922789599,19.6778612382419,2.99573227355399,0,0.979130794073628,0.0593248679831386
"20","canary rockfish",TRUE,"temp",-1.8633420286966,0.48534446067953,2.00872230749048,0.177005376647163,3.87206433618708,0.528572712929406,2.99573227355399,0,0.733206735012487,0.0728395127879561
"21","widow rockfish",TRUE,"temp",NA,NA,NA,NA,NA,NA,NA,NA,NA,NA
"22","yellowtail rockfish",TRUE,"temp",NA,NA,NA,NA,NA,NA,NA,NA,NA,NA
"23","kelp greenling",TRUE,"temp",NA,NA,NA,NA,NA,NA,NA,NA,NA,NA
"24","california slickhead",TRUE,"temp",-2.80831564745404,0.145497595711421,-0.285834788860782,0.0698427996294909,2.52248085859326,0.160043507910779,2.99573227355399,0,0.371356784878652,0.0797708851027232
"25","twoline eelpout",TRUE,"temp",-2.87346721808057,0.227509521737383,-0.274246910452812,0.0946996868423615,2.59922030762775,0.192738093592812,2.99573227355399,0,0.407928974403404,0.0878068245389933
"26","brown cat shark",TRUE,"temp",-2.70604006836905,0.214912153496064,1.63667105495045,0.118489258780639,4.3427111233195,0.257509321670398,2.99573227355399,0,0.787901249946604,0.0251535981567388
"27","roughtail skate",TRUE,"temp",-4.78802001250539,0.821326410802283,-0.256226965915109,0.314144906416674,4.53179304659028,0.589948089661809,2.99573227355399,0,0.805230991289006,0.0507099964332347
"28","deepsea sole",TRUE,"temp",-2.80767306219622,0.148339062128353,0.13947726342558,0.094117974060844,2.9471503256218,0.187051599911433,2.99573227355399,0,0.539472663875013,0.058458080184257
"29","pacific grenadier",TRUE,"temp",NA,NA,NA,NA,NA,NA,NA,NA,NA,NA
"30","giant grenadier",TRUE,"temp",-2.9805896738168,0.203080235117408,-0.496271067082321,0.0931546687665967,2.48431860673448,0.209789442802355,2.99573227355399,0,0.351894947512854,0.109459066538482
"31","lanternfish unident.",TRUE,"temp",-6.595452480287,3.82080072284399,6.47886491196128,3.56104291658111,13.0743173922483,7.15831531279964,2.99573227355399,0,0.976599672052558,0.025623812065327
"32","snakehead eelpout",TRUE,"temp",-2.86514158585356,0.174468230005324,-0.179235616647586,0.0949221095767687,2.68590596920598,0.160358032755004,2.99573227355399,0,0.445529579668737,0.0662076683581347
"33","grooved tanner crab",TRUE,"temp",-2.87527266781836,0.239948493550259,0.878036258963012,0.120709899043458,3.75330892678137,0.241081971512424,2.99573227355399,0,0.71605686838306,0.0364763845998287
"34","pacific flatnose",TRUE,"temp",NA,NA,NA,NA,NA,NA,NA,NA,NA,NA
"35","longspine thornyhead",TRUE,"temp",-3.79186038227895,0.326607613140084,1.62806350227515,0.1893191624141,5.4199238845541,0.439441496950251,2.99573227355399,0,0.863832452244377,0.0220806314982775
"36","shortspine thornyhead",TRUE,"temp",-7.49171767333374,2.69541685527615,3.90667903524513,0.708801804560772,11.3983967085789,3.19723311655519,2.99573227355399,0,0.969212639626152,0.0172716164694459
"37","bigfin eelpout",TRUE,"temp",-1.88107180715414,0.139265423153619,2.09618443357472,0.119010902062514,3.97725624072885,0.209595975633243,2.99573227355399,0,0.747132597515963,0.0266515339830219
"38","black eelpout",TRUE,"temp",NA,NA,NA,NA,NA,NA,NA,NA,NA,NA
"39","darkblotched rockfish",TRUE,"temp",-5.80359658800466,3.77473261542074,1.87693176085057,0.561508587250862,7.68052834885523,3.44030172339075,2.99573227355399,0,0.932192489735961,0.0607453768346495
"40","shortbelly rockfish",TRUE,"temp",-0.476907164308989,0.251402621144019,3.09222958798214,0.229171204605247,3.56913675229113,0.357890641856001,2.99573227355399,0,0.685997132145739,0.0629724752624552
"41","stripetail rockfish",TRUE,"temp",-1.13559489154745,0.280176027995623,4.25913009880215,0.475192441347938,5.39472499034961,0.628572624979088,2.99573227355399,0,0.862557397292154,0.0320285678037613
"42","pacific hake",TRUE,"temp",-1.05097986480806,0.0610051238086972,1.94085549050578,0.0457750549822401,2.99183535531385,0.0692243331830963,2.99573227355399,0,0.553126489849313,0.020679293532933
"43","aurora rockfish",TRUE,"temp",-1.19272551949203,0.0617494214383288,0.837068480415685,0.0451212310113348,2.02979399990771,0.0701449984560249,2.99573227355399,0,0.0291412199729083,0.0671012798629959
"44","splitnose rockfish",TRUE,"temp",-1.60975135193457,0.234238222169516,2.42875362856565,0.205799369792819,4.03850498050022,0.351646183627277,2.99573227355399,0,0.754744505517431,0.0427104381769186
"45","chilipepper",TRUE,"temp",-1.24593723987531,0.399897520655195,3.4989602896556,0.393708118348655,4.74489752953091,0.683499883824394,2.99573227355399,0,0.822333185537403,0.0511856141418678
"46","cowcod",TRUE,"temp",-0.522699685554075,0.562774544133749,3.86439005965464,1.13108948225593,4.38708974520872,1.43437837078564,2.99573227355399,0,0.792170614310915,0.135901471344033
"47","filetail cat shark",TRUE,"temp",-46.6037958701267,2764.24911338697,35.7387457607759,1574.00722022071,82.3425416309025,4335.76566124008,2.99573227355399,0,0.999410055094324,0.0621273721552424
"48","redbanded rockfish",TRUE,"temp",-2.17638663701785,0.369086763766905,1.35776222906801,0.132651134309741,3.53414886608586,0.405407193550104,2.99573227355399,0,0.679749133601458,0.0734728557840369
"49","blackgill rockfish",TRUE,"temp",-1.29923791398208,0.188367040127673,1.20697285363322,0.113476055209771,2.5062107676153,0.207689700823631,2.99573227355399,0,0.363168102328481,0.10554852609479
"50","pink seaperch",TRUE,"temp",-1.16666026702968,0.359105633175716,4.73623953986741,0.624575671612577,5.9028998068971,0.929568898918421,2.99573227355399,0,0.88520336238647,0.0361555803136829
"51","california skate",TRUE,"temp",NA,NA,NA,NA,NA,NA,2.99573227355399,0,1.00088700263029,0.0242122258052605
"52","curlfin sole",TRUE,"temp",-2.0701293332131,0.770313064113831,7.60401110311856,2.19878093798054,9.67414043633166,2.84631927357172,2.99573227355399,0,0.957259931280306,0.0251499101447352
"53","sand sole",TRUE,"temp",NA,NA,NA,NA,NA,NA,NA,NA,NA,NA
"54","sharpchin rockfish",TRUE,"temp",-1.2740504102352,0.288551934985577,1.57526978383606,0.189049693563902,2.84932019407126,0.388882057251479,2.99573227355399,0,0.507305766680808,0.134488182442801
"55","plainfin midshipman",TRUE,"temp",-0.309994889503881,0.124287681787491,3.64077776559702,0.149764808223802,3.9507726551009,0.22857334955515,2.99573227355399,0,0.743731095148605,0.0296530562917027
"56","brown rockfish",TRUE,"temp",-0.681151660912818,0.686585352432329,2.78902755108781,0.595916601661963,3.47017921200063,1.20999018283422,2.99573227355399,0,0.667833229814372,0.231641368606232
"57","white croaker",TRUE,"temp",-3.40066308820821,3.21091936649589,5.79561548845855,2.83655291140868,9.19627857666676,5.9006028674622,2.99573227355399,0,0.952702764829668,0.0606945949152075
"58","copper rockfish",TRUE,"temp",-1.0986406319859,1.48796700001348,4.59864326123884,2.03281586205441,5.69728389322474,3.22440387745426,2.99573227355399,0,0.876767780666123,0.139487676336431
"59","halfbanded rockfish",TRUE,"temp",-33.0326869085094,342.353241266454,-5.62599975627928,174.484987225172,27.4066871522301,167.946468875741,2.99573227355399,0,0.994674665324038,0.0652666372583884
"60","squarespot rockfish",TRUE,"temp",NA,NA,NA,NA,NA,NA,2.99573227355399,0,1.07469607382683,0.176650946870616
"61","vermilion and sunset rockfish",TRUE,"temp",0.0733414429530476,0.434489167549842,3.66402005336678,0.648308385077623,3.59067861041373,0.888140875033323,2.99573227355399,0,0.689753477633813,0.153476625310446
"62","speckled rockfish",TRUE,"temp",0.390980517632171,NA,1.6666037429331,NA,1.27562322530093,NA,2.99573227355399,NA,-1.45818834726695,NA
"63","flag rockfish",TRUE,"temp",0.419912978950753,0.577858314788164,5.30950216913697,2.06710697952257,4.88958919018622,1.97059961305565,2.99573227355399,0,0.832692562920155,0.134856307123961
"64","honeycomb rockfish",TRUE,"temp",0.193201169533585,0.756263220273599,1.84954682331764,0.246586159637801,1.65634565378406,0.832115570214834,2.99573227355399,0,-0.458001753840511,1.46494297008539
"65","rougheye and blackspotted rockfish",TRUE,"temp",NA,NA,NA,NA,NA,NA,NA,NA,NA,NA
"66","pacific viperfish",TRUE,"temp",NA,NA,NA,NA,NA,NA,NA,NA,NA,NA
"67","quillback rockfish",TRUE,"temp",NA,NA,NA,NA,NA,NA,NA,NA,NA,NA
"68","blue rockfish",TRUE,"temp",-0.0605432839912501,0.766503765617969,1.94635188413652,0.673521006573858,2.00689516812777,1.29099220017935,2.99573227355399,0,0.00685967382636096,1.27773132860731
"69","shortraker rockfish",TRUE,"temp",NA,NA,NA,NA,NA,NA,NA,NA,NA,NA
"70","black rockfish",TRUE,"temp",NA,NA,NA,NA,NA,NA,NA,NA,NA,NA
"71","cabezon",TRUE,"temp",0.190278837324557,0.234651020249135,1.14317438915439,0.306395258044416,0.952895551829831,0.44718399113337,2.99573227355399,0,-3.40523815429941,4.13466507625046
"72","kelp rockfish",TRUE,"temp",-2.01231903615173,0.344377140983509,3.42012403833218,0.285888950428211,5.4324430744839,0.541177510438456,2.99573227355399,0,0.864459331569423,0.0270049995917876
"73","butterfish unident.",TRUE,"temp",0.75951264620662,NA,1.51290573691971,NA,0.753393090713092,NA,2.99573227355399,NA,-6.04720208213334,NA
"74","rock sole unident.",TRUE,"temp",NA,NA,NA,NA,NA,NA,NA,NA,NA,NA
"75","olive rockfish",TRUE,"temp",-2.90209768807695,18045.4277878693,0.363631152578765,5246.9188814114,3.26572884065572,14276.2631870806,2.99573227355399,0,0.624940864684827,3279.17177924862
"76","tree rockfish",TRUE,"temp",-2.01231903615173,0.344377140983509,3.42012403833218,0.285888950428211,5.4324430744839,0.541177510438456,2.99573227355399,0,0.864459331569423,0.0270049995917876
"77","greenstriped rockfish",FALSE,"temp",0.0651009638720317,0.0353481939829689,2.79562061737808,0.0654552517312162,2.73051965350605,0.0574748886864467,2.99573227355399,0,0.463500430634131,0.0225856298012993
"78","pacific spiny dogfish",FALSE,"temp",-0.182297078456041,0.0358837445296059,3.0630854062851,0.0686520712739349,3.24538248474114,0.0655228357374903,2.99573227355399,0,0.620223388349519,0.0153350433479645
"79","petrale sole",FALSE,"temp",-0.281284983016294,0.0249268811713138,2.76109463208624,0.0464692475205215,3.04237961510253,0.054209940210244,2.99573227355399,0,0.567851324441855,0.0154002832175522
"80","flathead sole",FALSE,"temp",-1.09519113281146,0.170518403433484,2.13955415117137,0.360386307992309,3.23474528398283,0.4835768683102,2.99573227355399,0,0.617721551623668,0.114297107598343
"81","english sole",FALSE,"temp",-0.149739667599799,0.0341753931721039,3.54989203997711,0.073825431876937,3.69963170757691,0.0773675535846297,2.99573227355399,0,0.707757748221144,0.0122228750650438
"82","sablefish",FALSE,"temp",-3.68245764873023,0.146246077030629,1.7339623545488,0.0576830800933764,5.41642000327903,0.170397575731678,2.99573227355399,0,0.863656221729258,0.00857859961722577
"83","slender sole",FALSE,"temp",-0.780605728925637,0.0241792880467102,2.08952477109618,0.0234502981540296,2.87013050002182,0.0329437819958544,2.99573227355399,0,0.514424569718928,0.011147013083622
"84","dover sole",FALSE,"temp",-2.03281447458484,0.031502993346783,1.51400700814098,0.0209764553713679,3.54682148272582,0.0394819991473165,2.99573227355399,0,0.682033526102294,0.00707898726363665
"85","blackbelly eelpout",FALSE,"temp",-0.799653569630177,0.0733537068626985,2.95800196221844,0.0881968001475855,3.75765553184862,0.120538477072976,2.99573227355399,0,0.716713381376719,0.0181745970563749
"86","dungeness crab",FALSE,"temp",-0.463895081026331,0.0580236288480122,4.49760953155996,0.184968830982205,4.96150461258629,0.188599508131561,2.99573227355399,0,0.837507547911145,0.0123535092404457
"87","spotted ratfish",FALSE,"temp",-0.395666087304581,0.0226410779685583,2.89025202370253,0.0470694811450915,3.28591811100712,0.0513123748629807,2.99573227355399,0,0.62953556707199,0.0115702273846242
"88","big skate",FALSE,"temp",-0.480046111076094,0.0940751386996591,4.08524106091422,0.256854449216653,4.56528717199031,0.277487018847014,2.99573227355399,0,0.808078429558036,0.0233307314208495
"89","pacific sanddab",FALSE,"temp",0.170249920032048,0.0376315348420986,3.90474050079176,0.0992440229735084,3.73449058075972,0.0984492164147961,2.99573227355399,0,0.713188041854681,0.0151219621135345
"90","rex sole",FALSE,"temp",-1.10278955070574,0.026133976237679,2.01373390424951,0.0272045718819309,3.11652345495525,0.040391742946941,2.99573227355399,0,0.588168850715395,0.010675085979538
"91","arrowtooth flounder",FALSE,"temp",-1.09492710950672,0.0395354663976901,2.05008702400544,0.0495270141206172,3.14501413351216,0.0688622573065128,2.99573227355399,0,0.595596609194488,0.0177093832784632
"92","longnose skate",FALSE,"temp",-1.26552028354064,0.0270556253502122,1.98972837924628,0.0273230074111901,3.25524866278692,0.0418850834530833,2.99573227355399,0,0.622521993365126,0.00971397238579567
"93","sandpaper skate",FALSE,"temp",-1.23688060534982,0.0303162333068071,1.54904487756832,0.0299792674834438,2.78592548291814,0.0456492917472789,2.99573227355399,0,0.484627786608612,0.0168894514026279
"94","lingcod",FALSE,"temp",-0.00663083414905341,0.0319397926862312,3.14912251015205,0.0734772685188953,3.15575334430111,0.06925158538528,2.99573227355399,0,0.598344342043199,0.0176283049134415
"95","greenspotted rockfish",FALSE,"temp",0.400610024010714,0.0734293039544489,3.31353318114116,0.154271708585552,2.91292315713045,0.140403239368576,2.99573227355399,0,0.528586587102808,0.0454443640852952
"96","canary rockfish",FALSE,"temp",-0.103965282211719,0.0528190928477948,2.22217230353893,0.10483695772288,2.32613758575065,0.102641469338109,2.99573227355399,0,0.260753641370858,0.0652389032509069
"97","widow rockfish",FALSE,"temp",-0.317486680901358,0.0840529854701111,2.38559696199821,0.165780811495976,2.70308364289957,0.169368225744621,2.99573227355399,0,0.452554333480106,0.0686030574552226
"98","yellowtail rockfish",FALSE,"temp",-0.0882585517045921,0.160480202151454,3.75928086398179,0.406612906055725,3.84753941568638,0.326943678000172,2.99573227355399,0,0.729794716934911,0.0459212496694424
"99","kelp greenling",FALSE,"temp",-0.166759893141031,0.217920368550563,3.73521497900659,0.689222643060153,3.90197487214762,0.651320122125516,2.99573227355399,0,0.737281258701409,0.0877063580745611
"100","california slickhead",FALSE,"temp",-2.39105403348521,0.0318830004579074,-0.717139292579372,0.0124338139806484,1.67391474090583,0.031650411126036,2.99573227355399,0,-0.42755655831129,0.0539845320338965
"101","twoline eelpout",FALSE,"temp",-2.39893990169405,0.0452932921323025,-0.546358885699055,0.0167913779260025,1.852581015995,0.045198048910466,2.99573227355399,0,-0.165482005403168,0.0568693214814015
"102","brown cat shark",FALSE,"temp",-2.13067901117366,0.0342208023408082,0.532267740590223,0.0191433179955302,2.66294675176389,0.0384681800754994,2.99573227355399,0,0.435927371015109,0.0162968692130838
"103","roughtail skate",FALSE,"temp",-5.3728450377194,0.555071133855702,-1.2271739037741,0.226471663567795,4.14567113394529,0.337088690641958,2.99573227355399,0,0.767260393269629,0.0378485831405556
"104","deepsea sole",FALSE,"temp",-2.75983944761401,0.0520977830224771,-0.48920715208118,0.0169142803761512,2.27063229553283,0.0540729636257635,2.99573227355399,0,0.224170355256911,0.0369513005188167
"105","pacific grenadier",FALSE,"temp",NA,NA,NA,NA,NA,NA,NA,NA,NA,NA
"106","giant grenadier",FALSE,"temp",-3.39181179146276,0.138969886424611,-1.10627914280458,0.0419361684424927,2.28553264865818,0.103708365328943,2.99573227355399,0,0.234253302856778,0.069493068290566
"107","lanternfish unident.",FALSE,"temp",-3.46270535923721,0.178399744453533,0.98670540208492,0.0585869683302402,4.44941076132213,0.193697897600514,2.99573227355399,0,0.797951798211111,0.0175916830339318
"108","snakehead eelpout",FALSE,"temp",-3.04331321570779,0.0935433594544958,-0.58330148758806,0.0307146617546103,2.46001172811973,0.0830628716615569,2.99573227355399,0,0.339024082879569,0.0446360130300015
"109","grooved tanner crab",FALSE,"temp",-3.04151218480427,0.0809187809767691,-0.147447172649452,0.0283461367537376,2.89406501215482,0.0699908069450208,2.99573227355399,0,0.522422975262465,0.023099689329297
"110","pacific flatnose",FALSE,"temp",NA,NA,NA,NA,NA,NA,NA,NA,NA,NA
"111","longspine thornyhead",FALSE,"temp",-2.82451953509266,0.0446248386821104,-0.0399328036591071,0.0164433498551924,2.78458673143355,0.0444065789850273,2.99573227355399,0,0.484132114368547,0.0164533772645959
"112","shortspine thornyhead",FALSE,"temp",-2.34434230081525,0.0416270915641221,0.878516238965794,0.0233811693043081,3.22285853978104,0.0514272981470944,2.99573227355399,0,0.614896465826015,0.0122902287053597
"113","bigfin eelpout",FALSE,"temp",-1.09318909783615,0.0250049221142453,1.14083619025786,0.0222260650246656,2.23402528809401,0.0333145528512779,2.99573227355399,0,0.198536365161463,0.0239034023146493
"114","black eelpout",FALSE,"temp",-2.26486370385176,0.10144177470881,0.727548425993896,0.0467904793826097,2.99241212984566,0.0999850976422018,2.99573227355399,0,0.553298739131009,0.0298511483357638
"115","darkblotched rockfish",FALSE,"temp",-0.655887569269077,0.029228661880858,1.23199915493508,0.0364807096725943,1.88788672420416,0.0437461144366004,2.99573227355399,0,-0.122297838204836,0.0520117748937024
"116","shortbelly rockfish",FALSE,"temp",0.403993434835013,0.0378221076374616,2.52726667428673,0.0491322350991293,2.12327323945172,0.050994031044835,2.99573227355399,0,0.112745483099301,0.0426178633430972
"117","stripetail rockfish",FALSE,"temp",0.227009776249784,0.0300242591850336,2.57498384073309,0.0404816306259271,2.3479740644833,0.0392900334655463,2.99573227355399,0,0.274439885808395,0.0242824497928405
"118","pacific hake",FALSE,"temp",-0.865947810471187,0.0201805994459404,1.63682674731041,0.0222998261874755,2.5027745577816,0.029437923077287,2.99573227355399,0,0.361418212200697,0.0150221453141628
"119","aurora rockfish",FALSE,"temp",-0.927600048695203,0.0188709403045982,0.562972293908345,0.0156858303295352,1.49057234260355,0.0231309295709929,2.99573227355399,0,-0.800337277272867,0.0558758184012646
"120","splitnose rockfish",FALSE,"temp",-0.300127773427589,0.0179610083653869,1.28284174628664,0.0208798350682722,1.58296951971423,0.0222169438870911,2.99573227355399,0,-0.596301369507015,0.044808112236585
"121","chilipepper",FALSE,"temp",0.379369320526496,0.0304547226571561,2.50795790804533,0.0496574555635051,2.12858858751884,0.0465258534865469,2.99573227355399,0,0.117171118291835,0.0385930540498895
"122","cowcod",FALSE,"temp",0.0899622917861721,0.0582229840558589,2.08669756968997,0.087789583948554,1.99673527790379,0.108005260605291,2.99573227355399,0,-0.00327273333792486,0.1085359028024
"123","filetail cat shark",FALSE,"temp",-1.23224553041715,0.0417865466097515,1.02583187827222,0.0280069162058668,2.25807740868937,0.0464441666347736,2.99573227355399,0,0.215519162191854,0.0322704249311768
"124","redbanded rockfish",FALSE,"temp",-0.749171699681609,0.0333404387213,1.06557855295114,0.0396370602845169,1.81475025263275,0.0534588311376359,2.99573227355399,0,-0.214580376900435,0.0715581079849521
"125","blackgill rockfish",FALSE,"temp",-0.527099055008543,0.0273274986413178,0.999074718871514,0.0288881160622775,1.52617377388006,0.0389150954827287,2.99573227355399,0,-0.717323127942504,0.087578222928935
"126","pink seaperch",FALSE,"temp",0.422422571717856,0.0479897196462847,3.51191595128104,0.123843881104909,3.08949337956318,0.127211635049113,2.99573227355399,0,0.580931079343937,0.0345107990504658
"127","california skate",FALSE,"temp",-0.372903484508763,0.119077691609991,5.08003066900718,0.371606569598167,5.45293415351595,0.414647596622039,2.99573227355399,0,0.865476089172144,0.0204587162590263
"128","curlfin sole",FALSE,"temp",0.233403077490465,0.0918295900690443,5.23950550768869,0.370998992325682,5.00610243019822,0.346350802716017,2.99573227355399,0,0.840389841693083,0.0220854875512574
"129","sand sole",FALSE,"temp",NA,NA,NA,NA,NA,NA,2.99573227355399,0,1.0352040946564,0.0553411068813541
"130","sharpchin rockfish",FALSE,"temp",-0.112609568308484,0.0327305489509928,1.39958560301525,0.0599160264193683,1.51219517132374,0.0519631236581852,2.99573227355399,0,-0.749219448732738,0.12021584018184
"131","plainfin midshipman",FALSE,"temp",0.441193907141041,0.0382060860490053,3.39264205080767,0.073050984848729,2.95144814366663,0.0775362231611056,2.99573227355399,0,0.540812901971681,0.0241262130129742
"132","brown rockfish",FALSE,"temp",-0.182644188800851,0.296396900578446,2.85498806963194,0.495975439595951,3.03763225843279,0.714872075676174,2.99573227355399,0,0.566499503771319,0.204038786252247
"133","white croaker",FALSE,"temp",0.0308235737658385,0.167802246339607,3.94898864552106,0.350882197412424,3.91816507175522,0.412140380856784,2.99573227355399,0,0.739447926482116,0.054813428656583
"134","copper rockfish",FALSE,"temp",0.718539739005992,0.17574187954279,3.83420356698667,0.519219355108661,3.11566382798068,0.412949334865173,2.99573227355399,0,0.587941566885988,0.109228251361316
"135","halfbanded rockfish",FALSE,"temp",0.915925169746609,0.0403622364823898,3.22089355870099,0.0824420892396102,2.30496838895438,0.0749879997364479,2.99573227355399,0,0.247112574246582,0.0489876758002597
"136","squarespot rockfish",FALSE,"temp",1.13676800415863,0.106198480751341,3.44920853168258,0.253598977619912,2.31244052752396,0.201472340576308,2.99573227355399,0,0.251970290619002,0.130344797693868
"137","vermilion and sunset rockfish",FALSE,"temp",0.789600351967491,0.0948673721182734,3.2656017280351,0.26646045483533,2.47600137606761,0.225620817219569,2.99573227355399,0,0.347533485612967,0.118909488183084
"138","speckled rockfish",FALSE,"temp",0.549624300656633,0.0950412506085802,1.62372673717895,0.165176453718845,1.07410243652232,0.210017504992212,2.99573227355399,0,-2.46711772160987,1.35583979450671
"139","flag rockfish",FALSE,"temp",0.607088806407169,0.150387440954839,3.59383538428941,0.424617005776951,2.98674657788225,0.370298601079738,2.99573227355399,0,0.551602438837507,0.111185187826527
"140","honeycomb rockfish",FALSE,"temp",0.823828419473204,0.0695672590093665,1.74446967245645,0.107914107702228,0.92064125298325,0.135628343750084,2.99573227355399,0,-3.71931676705208,1.39049410326375
"141","rougheye and blackspotted rockfish",FALSE,"temp",-1.1527529158175,0.0505225201801079,0.664145384487029,0.0532279100235685,1.81689830030453,0.0741852424820784,2.99573227355399,0,-0.211710172987558,0.0989499665292403
"142","pacific viperfish",FALSE,"temp",-2.92974368873946,0.111662890703982,-0.175886608233459,0.0359218651342788,2.753857080506,0.113358727401121,2.99573227355399,0,0.47255497987631,0.0434230931434497
"143","quillback rockfish",FALSE,"temp",0.707286028180559,0.191843863063822,2.83598856781444,0.475463084249386,2.12870253963388,0.440689809955896,2.99573227355399,0,0.117265633635139,0.365492155819738
"144","blue rockfish",FALSE,"temp",0.336275160033468,0.286473597253482,2.28703756271396,0.993976328154692,1.9507624026805,1.04498220121835,2.99573227355399,0,-0.0511174299854855,1.12612279610876
"145","shortraker rockfish",FALSE,"temp",-0.995264292160582,0.135865342813358,0.124315002544209,0.112618326105054,1.11957929470479,0.191316878964792,2.99573227355399,0,-2.19117245842127,1.09063316528115
"146","black rockfish",FALSE,"temp",NA,NA,NA,NA,NA,NA,NA,NA,NA,NA
"147","cabezon",FALSE,"temp",0.200963790357235,NA,1.04865290521843,NA,0.8476891148612,NA,2.99573227355399,NA,-4.5665585121066,NA
"148","kelp rockfish",FALSE,"temp",-2.01231903615173,0.344377140983509,3.42012403833218,0.285888950428211,5.4324430744839,0.541177510438456,2.99573227355399,0,0.864459331569423,0.0270049995917876
"149","butterfish unident.",FALSE,"temp",0.845974857854613,0.0719490425639055,1.52623906339268,0.133965929555792,0.680264205538066,0.160046370208254,2.995732273554,0,-7.64380084375293,4.06726956551085
"150","rock sole unident.",FALSE,"temp",3.64436740926728,17.4162438151662,11.092319149318,31.0619290942391,7.44795174005072,13.6758133198387,2.99573227355399,0,0.927891529549668,0.264808907220745
"151","olive rockfish",FALSE,"temp",-1.00553994518562,1232.76467547212,1.42583081497719,1274.28456808276,2.43137076016281,2167.06077855033,2.99573227355399,0,0.323360086544993,1206.16718904018
"152","tree rockfish",FALSE,"temp",-2.01231903615173,0.344377140983509,3.42012403833218,0.285888950428211,5.4324430744839,0.541177510438456,2.99573227355399,0,0.864459331569423,0.0270049995917876
"153","greenstriped rockfish",TRUE,"o2",-2.57436620044591,1.83537727636656,6.77322750221081,7.57799889852394,9.34759370265672,9.22982151341407,2.99573227355399,0,0.954221628767107,0.090403200886731
"154","pacific spiny dogfish",TRUE,"o2",-0.547732411090852,0.0808588569771549,2.37462534892575,0.156348544640663,2.9223577600166,0.185909660633145,2.99573227355399,0,0.531625516179449,0.0595925266424658
"155","petrale sole",TRUE,"o2",-1.79653852599948,0.24005131867487,2.91837865539551,0.221368770581005,4.71491718139499,0.428630926647768,2.99573227355399,0,0.820066571991663,0.032715328399174
"156","flathead sole",TRUE,"o2",-3.11291249861809,2.17675464420231,2.44231155995267,0.677308130159507,5.55522405857076,2.75850492333761,2.99573227355399,0,0.870384532292267,0.128723846974582
"157","english sole",TRUE,"o2",-1.69620832253373,0.226132789442289,3.10834685971999,0.25645890090842,4.80455518225372,0.44605850104233,2.99573227355399,0,0.826717933027493,0.0321752737222247
"158","sablefish",TRUE,"o2",-3.42645482917929,0.263485157934335,4.02989699308669,0.550870867980921,7.45635182226599,0.747126981465865,2.99573227355399,0,0.928053908124096,0.0144180070181223
"159","slender sole",TRUE,"o2",-5.55764028742191,0.799360159579905,1.81514835715496,0.20779343954075,7.37278864457686,0.759116469023691,2.99573227355399,0,0.926413792124296,0.0151531543854947
"160","dover sole",TRUE,"o2",-5.20358255756281,0.459353580424097,2.94732948610245,0.247982556404846,8.15091204366527,0.647242705316444,2.99573227355399,0,0.939792918172747,0.00956177524976857
"161","blackbelly eelpout",TRUE,"o2",-2.32217150620168,0.389187022260468,1.96311783591614,0.168648096724706,4.28528934211782,0.4510818708208,2.99573227355399,0,0.782179028937858,0.0458569227356564
"162","dungeness crab",TRUE,"o2",-3.57725126844128,1.15612009055889,6.26871544958276,2.18172231684833,9.84596671802403,3.25881986852416,2.99573227355399,0,0.958738666030038,0.0273133677563572
"163","spotted ratfish",TRUE,"o2",-1.43164619079908,0.112903505110986,3.0156600988068,0.189511461610551,4.44730628960588,0.246125034888637,2.99573227355399,0,0.797760533970678,0.0223848740747457
"164","big skate",TRUE,"o2",-0.905099822442195,0.206233590117249,3.02068193147658,0.343091045472565,3.92578175391878,0.502978951906978,2.99573227355399,0,0.740457976088046,0.0665060787104324
"165","pacific sanddab",TRUE,"o2",-1.46505289252724,0.222294034003031,3.19775449515506,0.28908120092041,4.66280738768229,0.475069300125959,2.99573227355399,0,0.816022361707891,0.0374890578123166
"166","rex sole",TRUE,"o2",-1.55227631189528,0.0746433535843947,2.32174961756581,0.0828486994576019,3.87402592946109,0.131497604486164,2.99573227355399,0,0.733476845429112,0.018093403092448
"167","arrowtooth flounder",TRUE,"o2",-1.63967656975127,0.133838897083386,2.21623168286066,0.118712843778154,3.85590825261193,0.217796660869202,2.99573227355399,0,0.730966347504463,0.0303921293434729
"168","longnose skate",TRUE,"o2",-3.08285063393415,0.205712658099353,2.63324967770762,0.169527192147393,5.71610031164177,0.320186287384158,2.99573227355399,0,0.877577763818301,0.0137149172195078
"169","sandpaper skate",TRUE,"o2",-1.39765812409549,0.0799045442964058,1.95072237043318,0.0963541697299666,3.34838049452867,0.138587128225916,2.99573227355399,0,0.643228310798139,0.0295330616813635
"170","lingcod",TRUE,"o2",-0.838269691791175,0.121890973896152,2.7283122148076,0.222924920656255,3.56658190659878,0.304635611359844,2.99573227355399,0,0.685547112364781,0.0537172846031598
"171","greenspotted rockfish",TRUE,"o2",NA,NA,NA,NA,NA,NA,NA,NA,NA,NA
"172","canary rockfish",TRUE,"o2",-6.17020955790307,26.5128552651571,14.2511463919861,132.600759582007,20.4213559498891,158.219445146794,2.99573227355399,0,0.990408404819407,0.148626454704579
"173","widow rockfish",TRUE,"o2",-0.142443992288231,0.222593611655346,2.89673068140119,0.939057773290496,3.03917467368942,0.887822032051445,2.99573227355399,0,0.566939404849949,0.253016544863994
"174","yellowtail rockfish",TRUE,"o2",-1.34207104411287,0.898456698500048,3.2511244100626,1.74663126050725,4.59319545417547,2.51239745220445,2.99573227355399,0,0.81040357737436,0.207411843847713
"175","kelp greenling",TRUE,"o2",NA,NA,NA,NA,NA,NA,NA,NA,NA,NA
"176","california slickhead",TRUE,"o2",-2.66743472673951,0.163864030426588,0.968691018483848,0.250809524868957,3.63612574522335,0.363793762834238,2.99573227355399,0,0.697460416977292,0.0605380677270123
"177","twoline eelpout",TRUE,"o2",-1.98998151047249,0.0873190991963501,1.10830565609988,0.271649246539138,3.09828716657237,0.294465660634212,2.99573227355399,0,0.583306568009397,0.079206284076498
"178","brown cat shark",TRUE,"o2",-5.27534119188103,0.797685084182277,2.984336938554,0.746009300137319,8.25967813043503,1.45992238241578,2.99573227355399,0,0.941368130253742,0.0207267105603157
"179","roughtail skate",TRUE,"o2",-2.39660361280877,0.129379604609268,0.630635620864741,0.137483847619178,3.02723923367351,0.237295451178369,2.99573227355399,0,0.563517833073631,0.0684288387782407
"180","deepsea sole",TRUE,"o2",-3.61326398820666,0.478448537543596,1.82566089175035,0.703142584885672,5.43892487995701,1.11850556428106,2.99573227355399,0,0.86478219859318,0.0556146174479155
"181","pacific grenadier",TRUE,"o2",-1.85994487529526,0.131420158416358,1.88003460306022,0.578872384349662,3.73997947835547,0.521239825622271,2.99573227355399,0,0.714029290448174,0.079711305178292
"182","giant grenadier",TRUE,"o2",-2.13498463657072,0.106707702426926,0.968569863121161,0.28928574560734,3.10355449969188,0.33368711821482,2.99573227355399,0,0.58471978666646,0.0892999672811688
"183","lanternfish unident.",TRUE,"o2",-7.02933709637408,1.99734439014188,3.77600413017991,1.4608565210726,10.805341226554,3.3360580805033,2.99573227355399,0,0.965740342343936,0.0211547614022437
"184","snakehead eelpout",TRUE,"o2",-4.96108382235697,1.12886867252577,-0.293781203610694,0.198267377543013,4.66730261874628,1.00330851704771,2.99573227355399,0,0.816376580748889,0.0789453590277595
"185","grooved tanner crab",TRUE,"o2",-4.3421073907512,0.536747829340227,0.366665983753373,0.123584321767094,4.70877337450457,0.570228400012602,2.99573227355399,0,0.819596726732194,0.0436933620248227
"186","pacific flatnose",TRUE,"o2",-1.43231195243295,0.0610915330657679,0.992122542496663,0.197618935412886,2.42443449492962,0.198123682770599,2.99573227355399,0,0.319482837875938,0.111223105124587
"187","longspine thornyhead",TRUE,"o2",-3.53767193113426,0.131548251636381,0.443221551848191,0.0787103966794756,3.98089348298245,0.186255018391904,2.99573227355399,0,0.747594463593591,0.0236187167662539
"188","shortspine thornyhead",TRUE,"o2",NA,NA,NA,NA,NA,NA,NA,NA,NA,NA
"189","bigfin eelpout",TRUE,"o2",-1.31891037728481,0.0670553262280331,1.76147916398964,0.100558034790152,3.08038954127444,0.127459276769033,2.99573227355399,0,0.578450371437109,0.0348854650095007
"190","black eelpout",TRUE,"o2",-1.89043171074308,0.0984139431374688,0.889945788323868,0.0847680612023662,2.78037749906695,0.137859747506767,2.99573227355399,0,0.48256898025721,0.0513116724314223
"191","darkblotched rockfish",TRUE,"o2",-0.914591423074852,0.15181020496946,1.44849521747989,0.106944702072296,2.36308664055474,0.210122042948482,2.99573227355399,0,0.283690515813751,0.12738628336137
"192","shortbelly rockfish",TRUE,"o2",NA,NA,NA,NA,NA,NA,NA,NA,NA,NA
"193","stripetail rockfish",TRUE,"o2",-0.243869725230553,0.0898109616205145,2.34888985705355,0.191353734175907,2.59275958228411,0.213846081510814,2.99573227355399,0,0.404974613190998,0.0981532173194905
"194","pacific hake",TRUE,"o2",-2.68364559507545,0.173950624114625,1.85192553060932,0.147206045651677,4.53557112568477,0.243890172699105,2.99573227355399,0,0.8055553368769,0.0209116519862103
"195","aurora rockfish",TRUE,"o2",-1.9183043247593,0.0991586983108642,0.673297393588708,0.0984594566583742,2.59160171834801,0.14368831997495,2.99573227355399,0,0.404442808989438,0.0660399409519275
"196","splitnose rockfish",TRUE,"o2",-1.49125856131733,0.247232605409707,2.88276233013001,0.519735684323675,4.37402089144734,0.602493784894089,2.99573227355399,0,0.790926839059783,0.0575970180210829
"197","chilipepper",TRUE,"o2",-0.381782445698493,0.136424029049008,2.27178005055769,0.210705986123509,2.65356249625618,0.278662535019492,2.99573227355399,0,0.431930659671617,0.119311033876984
"198","cowcod",TRUE,"o2",-0.793019226738491,0.34023004691527,1.82609588553782,0.314281740119515,2.61911511227631,0.525039246329915,2.99573227355399,0,0.41688955819709,0.233785728207432
"199","filetail cat shark",TRUE,"o2",-4.52957051080098,0.640828932655322,2.05568780098624,0.650097951668136,6.58525831178722,1.15400168093496,2.99573227355399,0,0.90776104777732,0.0323279363915381
"200","redbanded rockfish",TRUE,"o2",-0.510489657712231,0.09696897666885,1.34210939486732,0.108824631320217,1.85259905257955,0.163585897564368,2.99573227355399,0,-0.165459311650432,0.20582187743821
"201","blackgill rockfish",TRUE,"o2",-1.79723357634006,0.193189630826487,1.12875557649045,0.234313684473231,2.9259891528305,0.324636810136956,2.99573227355399,0,0.532787377141769,0.103673942463998
"202","pink seaperch",TRUE,"o2",-0.442235653737685,0.217907161192013,3.1377671555993,0.561754575339157,3.58000280933699,0.722634866812131,2.99573227355399,0,0.687900368109659,0.125996591586452
"203","california skate",TRUE,"o2",NA,NA,NA,NA,NA,NA,2.99573227355399,0,1.00044461321329,0.0523824939007831
"204","curlfin sole",TRUE,"o2",NA,NA,NA,NA,NA,NA,NA,NA,NA,NA
"205","sand sole",TRUE,"o2",NA,NA,NA,NA,NA,NA,NA,NA,NA,NA
"206","sharpchin rockfish",TRUE,"o2",NA,NA,NA,NA,NA,NA,2.99573227355399,0,1.09118766043097,0.23042289511161
"207","plainfin midshipman",TRUE,"o2",-0.926374929090928,0.20245650241567,2.48426264210593,0.214450108236262,3.41063757119685,0.371822164888915,2.99573227355399,0,0.656134308168174,0.0749753577147551
"208","brown rockfish",TRUE,"o2",-0.0141946838929989,0.188081902538728,1.44051120323637,0.0956466049668761,1.45470588712937,0.247964645570049,2.99573227355399,0,-0.890208006941954,0.644397967509358
"209","white croaker",TRUE,"o2",-1.94340073535618,1.33227825191378,1.92045450227284,0.258817229444885,3.86385523762902,1.44891228600809,2.99573227355399,0,0.732071879467528,0.200941454444742
"210","copper rockfish",TRUE,"o2",NA,NA,NA,NA,NA,NA,NA,NA,NA,NA
"211","halfbanded rockfish",TRUE,"o2",NA,NA,NA,NA,NA,NA,NA,NA,NA,NA
"212","squarespot rockfish",TRUE,"o2",NA,NA,NA,NA,NA,NA,NA,NA,NA,NA
"213","vermilion and sunset rockfish",TRUE,"o2",-0.316515849297092,0.453795654915604,2.5847001681966,0.944709378179285,2.90121601749369,1.22491942903052,2.99573227355399,0,0.524774366501952,0.401289051304752
"214","speckled rockfish",TRUE,"o2",NA,NA,NA,NA,NA,NA,NA,NA,NA,NA
"215","flag rockfish",TRUE,"o2",NA,NA,NA,NA,NA,NA,NA,NA,NA,NA
"216","honeycomb rockfish",TRUE,"o2",-2.01231903615173,0.344377140983509,3.42012403833218,0.285888950428211,5.4324430744839,0.541177510438456,2.99573227355399,0,0.864459331569423,0.0270049995917876
"217","rougheye and blackspotted rockfish",TRUE,"o2",-2.33151035559477,1.16165420200012,2.93096463649635,1.47558765965771,5.26247499209111,2.3244752938968,2.99573227355399,0,0.855562520471644,0.127598270084312
"218","pacific viperfish",TRUE,"o2",-6.24516572523338,2.29888714636705,1.60382649373842,0.647161330351669,7.8489922189718,2.74175208775467,2.99573227355399,0,0.935071974752717,0.0453603580712546
"219","quillback rockfish",TRUE,"o2",NA,NA,NA,NA,NA,NA,2.99573227355399,NA,1.51175113655436,NA
"220","blue rockfish",TRUE,"o2",0.641758007155412,NA,1.68019784762327,NA,1.03843984046786,NA,2.99573227355399,NA,-2.70934567937396,NA
"221","shortraker rockfish",TRUE,"o2",-2.01231903615173,0.344377140983509,3.42012403833218,0.285888950428211,5.4324430744839,0.541177510438456,2.99573227355399,0,0.864459331569423,0.0270049995917876
"222","black rockfish",TRUE,"o2",NA,NA,NA,NA,NA,NA,NA,NA,NA,NA
"223","cabezon",TRUE,"o2",-1.11926288092615,1882.58789115887,0.934677413482761,977.057554574599,2.05394029440891,2364.14819564986,2.99573227355399,0,0.0518340365571155,2182.73613673391
"224","kelp rockfish",TRUE,"o2",-2.01231903615173,0.344377140983509,3.42012403833218,0.285888950428211,5.4324430744839,0.541177510438456,2.99573227355399,0,0.864459331569423,0.0270049995917876
"225","butterfish unident.",TRUE,"o2",0.165835114599372,NA,1.87239770550709,NA,1.70656259090771,NA,2.99573227355399,NA,-0.373458522710531,NA
"226","rock sole unident.",TRUE,"o2",-1.53251904721708,3188.94151719194,0.830967352594467,1046.88543873496,2.36348639981155,3277.82905454945,2.99573227355399,0,0.283932807988887,1986.17250107368
"227","olive rockfish",TRUE,"o2",-1.19572593561647,1600.15605413088,0.867516486058919,2931.61320315813,2.06324242167539,3626.09472974699,2.99573227355399,0,0.060364374995206,3302.77019502701
"228","tree rockfish",TRUE,"o2",-2.01231903615173,0.344377140983509,3.42012403833218,0.285888950428211,5.4324430744839,0.541177510438456,2.99573227355399,0,0.864459331569423,0.0270049995917876
"229","greenstriped rockfish",FALSE,"o2",-0.0975011266946677,0.0290027239956102,1.828664179761,0.0642146774506436,1.92616530645567,0.0701109150601164,2.99573227355399,0,-0.0781343395166514,0.0784864983788309
"230","pacific spiny dogfish",FALSE,"o2",-0.336665173143908,0.0354714077545098,2.03244380971097,0.077047189951709,2.36910898285488,0.0871659032147575,2.99573227355399,0,0.287327645181231,0.052442272561989
"231","petrale sole",FALSE,"o2",-0.495589286848448,0.0345554639626745,2.35961719100012,0.0728453915303317,2.85520647784857,0.0881875896655558,2.99573227355399,0,0.509335146088523,0.0303099275907079
"232","flathead sole",FALSE,"o2",-1.14893226658817,0.227144326736686,1.90195727714303,0.204823839792717,3.05088954373119,0.393926833783023,2.99573227355399,0,0.570258770127731,0.110975241550417
"233","english sole",FALSE,"o2",-0.496495484986775,0.0408109467125385,2.70055050186706,0.104196194354679,3.19704598685383,0.117876298562317,2.99573227355399,0,0.608652805520046,0.0288582390917939
"234","sablefish",FALSE,"o2",-2.90683640309151,0.114124747487438,1.59672435484361,0.0688596620880703,4.50356075793512,0.158092758310029,2.99573227355399,0,0.802781369420669,0.0138463047238686
"235","slender sole",FALSE,"o2",-1.6818009889548,0.0698959195675393,2.05074856409578,0.0770005239430487,3.73254955305059,0.118583466750982,2.99573227355399,0,0.712889664189577,0.0182430472665059
"236","dover sole",FALSE,"o2",-3.20575203559719,0.107987448303088,1.54565192137054,0.0531350051791076,4.75140395696773,0.13706140939691,2.99573227355399,0,0.822819435398463,0.010222080935221
"237","blackbelly eelpout",FALSE,"o2",-0.818213651254149,0.0652192586462672,1.80710515581698,0.0677734142129957,2.62531880707113,0.102936583652187,2.99573227355399,0,0.419642111641398,0.0455107076232612
"238","dungeness crab",FALSE,"o2",-1.26872136540859,0.119334523742128,4.10753334041838,0.4184677949087,5.37625470582697,0.478724314256722,2.99573227355399,0,0.861611398695809,0.0246454053556993
"239","spotted ratfish",FALSE,"o2",-0.811457074945532,0.0350437189581677,2.56452196680989,0.0833086050039947,3.37597904175542,0.0905530394037526,2.99573227355399,0,0.649037667569346,0.0188275492974037
"240","big skate",FALSE,"o2",-0.301195798461938,0.0702311687837506,2.8777877140174,0.203446206341627,3.17898351247933,0.227852212385068,2.99573227355399,0,0.604193027575318,0.0567385731888005
"241","pacific sanddab",FALSE,"o2",-0.344251624457085,0.0452701356467087,2.97091099233562,0.144117519997842,3.3151626167927,0.151533400738633,2.99573227355399,0,0.636042797362033,0.0332723784707782
"242","rex sole",FALSE,"o2",-1.18283436009424,0.0341265427859616,1.8067823082205,0.0381884973465118,2.98961666831474,0.0585357354782512,2.99573227355399,0,0.552462966422436,0.0175252631495293
"243","arrowtooth flounder",FALSE,"o2",-0.911838907467414,0.0372772095931807,1.68426489605698,0.0468430893775755,2.5961038035244,0.0662877042013472,2.99573227355399,0,0.406506612699305,0.0303079669229215
"244","longnose skate",FALSE,"o2",-2.04434983150877,0.0629208025117524,1.95024389636472,0.0609651003510799,3.99459372787349,0.103874705718721,2.99573227355399,0,0.749322843458942,0.0130371284991578
"245","sandpaper skate",FALSE,"o2",-1.0787210180796,0.0338982307383751,1.46284076599724,0.0399315171969073,2.54156178407684,0.0572147389890899,2.99573227355399,0,0.380760504652908,0.0278802005286592
"246","lingcod",FALSE,"o2",-0.206560699925157,0.0290023659767638,2.14249609830414,0.0702392384238507,2.3490567982293,0.0765713099843777,2.99573227355399,0,0.275108586006009,0.0472580187995349
"247","greenspotted rockfish",FALSE,"o2",0.0806547139990599,0.0729558247336657,2.03542245194213,0.180982677688933,1.95476773794307,0.193971962622851,2.99573227355399,0,-0.0468143464182961,0.207751160749336
"248","canary rockfish",FALSE,"o2",-0.171089995456877,0.0933521470292938,2.49181952125434,0.304606486394667,2.66290951671122,0.291250754292836,2.99573227355399,0,0.435911596223844,0.123392230983915
"249","widow rockfish",FALSE,"o2",-0.178395576436804,0.075012042909314,1.692917709234,0.149962201192182,1.87131328567081,0.176562836540809,2.99573227355399,0,-0.142265314595078,0.215550870686829
"250","yellowtail rockfish",FALSE,"o2",-0.176325922862463,0.0833610022276112,2.1287332899283,0.249421157787017,2.30505921279076,0.246841130057323,2.99573227355399,0,0.247171903548696,0.161235717534525
"251","kelp greenling",FALSE,"o2",1.49621529295792,12.1163701947043,11.7447640282136,28.5845232491063,10.2485487352557,16.5438402345983,2.99573227355399,0,0.961916640713462,0.122953020551268
"252","california slickhead",FALSE,"o2",-2.45646464646411,0.101116424152169,-0.0422849047849381,0.0456231781739796,2.41417974167917,0.124806819520569,2.99573227355399,0,0.313689270078992,0.0709609627862285
"253","twoline eelpout",FALSE,"o2",-2.01189208112924,0.0495979346029137,-0.0663288381961919,0.029521705011305,1.94556324293305,0.0636112476633736,2.99573227355399,0,-0.0567427721152293,0.0691015585719666
"254","brown cat shark",FALSE,"o2",-3.07793527940846,0.0988043536880199,0.435758726739599,0.0396336632701218,3.51369400614806,0.105976926108957,2.99573227355399,0,0.676009619623042,0.0195438217107942
"255","roughtail skate",FALSE,"o2",-2.06587240099583,0.0671450037243541,0.281916644305566,0.0494653384998646,2.34778904530139,0.094718778779932,2.99573227355399,0,0.274325524742981,0.058552960902234
"256","deepsea sole",FALSE,"o2",-2.69739456812796,0.100579847323588,-0.0474659003398813,0.0390110827916128,2.64992866778808,0.121988311767635,2.99573227355399,0,0.430371612499579,0.0524451893145476
"257","pacific grenadier",FALSE,"o2",-1.7477043551396,0.0356555594767598,0.148541470254311,0.0429166731070256,1.89624582539391,0.0617003421957937,2.99573227355399,0,-0.112424937393288,0.0723925119677374
"258","giant grenadier",FALSE,"o2",-1.98346147864315,0.0499840181980142,0.0481593277090698,0.0499776300286791,2.03162080635222,0.0860720001851519,2.99573227355399,0,0.0308864016374623,0.0821152702875325
"259","lanternfish unident.",FALSE,"o2",-4.08101672168355,0.234274143163442,0.646264268327159,0.0702747200616642,4.72728099001071,0.242758288252334,2.99573227355399,0,0.821006542880941,0.0183835677846989
"260","snakehead eelpout",FALSE,"o2",-3.10556006276151,0.183595413019508,-0.278380879907565,0.0478295487195587,2.82717918285395,0.17892098570131,2.99573227355399,0,0.49955849373605,0.0633419262066065
"261","grooved tanner crab",FALSE,"o2",-3.04471846414314,0.127587138433071,-0.136946194725964,0.0364670993384098,2.90777226941718,0.115743678103734,2.99573227355399,0,0.52691496497372,0.037662235509764
"262","pacific flatnose",FALSE,"o2",-1.29041164179455,0.0359033192095005,0.442864232604741,0.0662048672466142,1.73327587439929,0.074575905306266,2.99573227355399,0,-0.331449218728048,0.114573833655162
"263","longspine thornyhead",FALSE,"o2",-3.04014910136731,0.068692713084025,-0.216395091891127,0.0196982276700934,2.82375400947619,0.0693874508085951,2.99573227355399,0,0.498343700586639,0.0246541672408806
"264","shortspine thornyhead",FALSE,"o2",-3.141641473526,0.123320065410234,1.06326272513762,0.0550754490376935,4.20490419866362,0.151292807120871,2.99573227355399,0,0.773771258213553,0.016279458355875
"265","bigfin eelpout",FALSE,"o2",-1.07419065972591,0.0303145353347829,1.11979544854458,0.0330282169193598,2.19398610827049,0.0485448966122467,2.99573227355399,0,0.169016798526708,0.0367732443245364
"266","black eelpout",FALSE,"o2",-1.61927884448302,0.0495457944303495,0.514205202535339,0.032071997063086,2.13348404701835,0.0584466845104249,2.99573227355399,0,0.121217921091108,0.0481483786965119
"267","darkblotched rockfish",FALSE,"o2",-0.325710633388171,0.03301108738467,1.21015672702631,0.0415057447069588,1.53586736041448,0.054412993620853,2.99573227355399,0,-0.69571385729847,0.120152129901469
"268","shortbelly rockfish",FALSE,"o2",-0.265170723502519,0.0780375580444209,2.42109699794638,0.207748319993802,2.6862677214489,0.191073463652763,2.99573227355399,0,0.445678907608577,0.0788574052044849
"269","stripetail rockfish",FALSE,"o2",-0.0393784876610357,0.0232033546912719,1.47641089132407,0.0315339075103673,1.5157893789851,0.0364739490220015,2.99573227355399,0,-0.740933859505358,0.0837830555123566
"270","pacific hake",FALSE,"o2",-1.90304028745137,0.0594694001073296,1.57435709504904,0.0665492881027157,3.47739738250041,0.0945721622444214,2.99573227355399,0,0.669210781864968,0.0179924513451363
"271","aurora rockfish",FALSE,"o2",-1.54799935320434,0.0413331209500088,0.416279501495703,0.0370181472743938,1.96427885470004,0.0573820846095695,2.99573227355399,0,-0.0367014555029809,0.0605699038017901
"272","splitnose rockfish",FALSE,"o2",-0.799009012011725,0.0317823573180918,1.12831278957783,0.0455070600777316,1.92732180158955,0.0521379170551255,2.99573227355399,0,-0.0768408523302916,0.0582614060548297
"273","chilipepper",FALSE,"o2",0.0302588757491001,0.0296672870813988,1.68998958146778,0.0530197495211069,1.65973070571868,0.0592638433444948,2.99573227355399,0,-0.45206057469842,0.103697172232988
"274","cowcod",FALSE,"o2",-0.346749402761413,0.0878144229416064,1.32284676096813,0.0805748639741998,1.66959616372954,0.131054370027046,2.99573227355399,0,-0.43495114451812,0.22527198175196
"275","filetail cat shark",FALSE,"o2",-2.96873868110775,0.116864167489797,0.450799210061202,0.0672476419507964,3.41953789116895,0.129194508256395,2.99573227355399,0,0.657921995190238,0.0258482877062773
"276","redbanded rockfish",FALSE,"o2",-0.349485245031866,0.0430568608180204,1.10918665858003,0.0486300957034083,1.45867190361189,0.0688283510328051,2.99573227355399,0,-0.879943320607924,0.177412615506176
"277","blackgill rockfish",FALSE,"o2",-1.31119791780794,0.0594761853550892,0.652265077129072,0.0540926027465408,1.96346299493701,0.0836890791481759,2.99573227355399,0,-0.0375631765849479,0.0884485289820665
"278","pink seaperch",FALSE,"o2",0.496590362214094,0.0927147365719325,3.24462794032828,0.327606839963692,2.74803757811418,0.253515174551977,2.99573227355399,0,0.470318680287846,0.0977295603911638
"279","california skate",FALSE,"o2",-0.538626266599211,0.1359599748987,4.41852174926242,0.683064953481388,4.95714801586163,0.674395775691454,2.99573227355399,0,0.83722180895078,0.0442903556912289
"280","curlfin sole",FALSE,"o2",-0.174441330537742,0.276919358896621,5.53325957867989,1.24237468722995,5.70770090921763,1.01840478564982,2.99573227355399,0,0.877217187732437,0.0438154015417637
"281","sand sole",FALSE,"o2",NA,NA,NA,NA,NA,NA,NA,NA,NA,NA
"282","sharpchin rockfish",FALSE,"o2",-0.028508146420523,0.049702427514744,1.46192817122984,0.0990490112789776,1.49043631765036,0.105343553363074,2.99573227355399,0,-0.800665908514547,0.254540959551644
"283","plainfin midshipman",FALSE,"o2",-0.172468200584111,0.0490765449109694,2.52222474104571,0.140311217024746,2.69469294162982,0.149337228595858,2.99573227355399,0,0.44913976665023,0.0610562630875243
"284","brown rockfish",FALSE,"o2",-0.00992444671598143,0.210652427016491,1.65639346072535,0.201445694332335,1.66631790744133,0.363140055637124,2.99573227355399,0,-0.44060284515781,0.62790010838316
"285","white croaker",FALSE,"o2",-0.5761689628866,0.195971299486482,2.3510607824085,0.291282616991057,2.9272297452951,0.426659159949325,2.99573227355399,0,0.533183313016239,0.136081983888654
"286","copper rockfish",FALSE,"o2",4.63354050514657,20.4709826933731,10.9061401339204,32.1382051119203,6.27259962877387,11.6829656350223,2.99573227355399,0,0.898336547265666,0.378704427167494
"287","halfbanded rockfish",FALSE,"o2",0.332968407825128,0.0566178065604039,2.33024051595568,0.172127303820849,1.99727210813055,0.151121086670164,2.99573227355399,0,-0.00273348308198281,0.151741140315372
"288","squarespot rockfish",FALSE,"o2",NA,NA,NA,NA,NA,NA,NA,NA,NA,NA
"289","vermilion and sunset rockfish",FALSE,"o2",0.210447115273215,0.102048558626932,2.09114821621418,0.288647696331019,1.88070110094096,0.300587193153752,2.99573227355399,0,-0.130890182151722,0.361494025231383
"290","speckled rockfish",FALSE,"o2",0.599981810615804,0.318828090614357,2.31664884478886,1.16476970229524,1.71666703417306,0.952545620246873,2.99573227355399,0,-0.357337527991129,1.50632113478836
"291","flag rockfish",FALSE,"o2",3.400246091799,12.3878202279446,9.27453153903006,20.4044441152172,5.87428544723106,8.06440672509517,2.99573227355399,0,0.884082261712798,0.318271148584299
"292","honeycomb rockfish",FALSE,"o2",1.13341205334899,NA,2.09567026907536,NA,0.962258215726374,NA,2.995732273554,NA,-3.3199302606376,NA
"293","rougheye and blackspotted rockfish",FALSE,"o2",-1.09104856729142,0.10574560261485,1.20874391941585,0.12565370616916,2.29979248670727,0.180835298845037,2.99573227355399,0,0.243719870877048,0.118934333380941
"294","pacific viperfish",FALSE,"o2",-3.8394598371477,0.358183451105568,0.32757147680688,0.094580821959768,4.16703131395458,0.352265394462233,2.99573227355399,0,0.769640321779626,0.0389475080951491
"295","quillback rockfish",FALSE,"o2",-1.2607135328118,0.452350945202803,2.15903337984707,0.767374583871824,3.41974691265887,1.02363039237942,2.99573227355399,0,0.657963810839699,0.2047628947172
"296","blue rockfish",FALSE,"o2",0.701440554438756,NA,1.86717231049463,NA,1.16573175605588,NA,2.99573227355399,NA,-1.94349116477902,NA
"297","shortraker rockfish",FALSE,"o2",-0.412643616067192,0.0950190971211977,0.168775224320779,0.133081275319454,0.581418840387971,0.18092461991015,2.99573227355399,0,-10.8326437736796,7.3641114754956
"298","black rockfish",FALSE,"o2",NA,NA,NA,NA,NA,NA,NA,NA,NA,NA
"299","cabezon",FALSE,"o2",-0.95012211300585,1216.51810777205,1.0221882380107,991.780724972965,1.97231035101655,1924.14034927881,2.99573227355399,0,-0.0282754883432994,2006.32355478533
"300","kelp rockfish",FALSE,"o2",-2.01231903615173,0.344377140983509,3.42012403833218,0.285888950428211,5.4324430744839,0.541177510438456,2.99573227355399,0,0.864459331569423,0.0270049995917876
"301","butterfish unident.",FALSE,"o2",2.25471934284226,NA,4.63831971255996,NA,2.3836003697177,NA,2.99573227355399,NA,0.29596685916288,NA
"302","rock sole unident.",FALSE,"o2",-0.885587594774731,1275.22188714532,0.931884865659883,961.061177712127,1.81747246043461,1925.92959957698,2.99573227355399,0,-0.210944707987713,2566.41496070531
"303","olive rockfish",FALSE,"o2",-1.02181864073346,1637.78526157214,1.6679811263533,1849.8741301046,2.68979976708676,3124.83492880111,2.99573227355399,0,0.447133738517561,1284.56833551379
"304","tree rockfish",FALSE,"o2",-2.01231903615173,0.344377140983509,3.42012403833218,0.285888950428211,5.4324430744839,0.541177510438456,2.99573227355399,0,0.864459331569423,0.0270049995917876
